Number_of_Customers_Per_Day,Average_Order_Value,Operating_Hours_Per_Day,Number_of_Employees,Marketing_Spend_Per_Day,Location_Foot_Traffic
352,4.02,17,7,285.32,835
344,4.44,12,10,454.8,109
129,8.8,9,6,52.2,275
417,7.42,9,2,383.35,815
329,4.56,12,6,261.01,221
302,4.73,12,13,35.52,667
403,9.41,7,12,452.49,577
218,7.06,13,12,390.17,284
200,9.84,14,13,496.49,406
62,5.73,7,5,422.85,638
271,7.18,13,2,145.99,905
264,6.74,12,5,474.91,634
313,6.42,12,4,481.09,951
498,6.54,14,5,374.78,788
84,7.7,12,10,488.94,860
425,5.12,15,2,89.47,897
175,2.78,13,14,16.87,430
70,2.84,10,8,81.59,304
77,5.97,14,4,130.27,209
384,7.46,8,14,308.64,580
467,7.6,12,14,373.24,904
148,7.51,12,6,424.92,356
485,6.8,10,3,19.0,283
295,5.87,12,13,24.36,312
395,8.03,16,6,42.26,264
472,7.86,15,4,296.83,993
499,7.2,6,7,394.15,785
343,9.09,9,6,313.37,171
379,8.71,15,10,467.39,422
91,6.57,17,2,465.64,100
237,5.89,10,4,34.66,725
141,9.82,15,12,111.83,326
138,5.39,9,9,376.35,541
72,5.7,8,4,364.53,571
489,3.19,16,8,246.39,96
377,4.11,13,5,325.91,989
443,7.0,12,3,455.7,422
387,9.11,13,14,123.72,496
146,3.3,16,4,403.11,488
473,8.26,9,3,435.71,976
330,6.6,16,7,132.0,257
219,7.38,14,10,149.85,366
104,5.18,6,8,211.36,918
389,6.16,12,11,131.26,810
98,9.75,6,13,457.0,148
143,4.29,11,14,247.78,956
335,5.71,6,9,357.36,852
50,7.3,12,11,164.07,574
333,7.34,13,5,442.0,796
367,3.04,8,10,422.84,287
456,4.95,8,4,124.18,815
414,8.71,11,2,247.25,397
398,9.09,6,6,91.76,636
139,6.83,15,5,122.05,270
191,4.8,12,9,495.21,848
258,9.68,10,9,356.25,886
103,6.58,9,6,399.04,292
138,7.97,8,10,48.39,590
429,6.37,17,14,338.28,758
371,4.01,15,4,35.1,176
247,6.89,15,3,275.59,849
244,9.45,8,3,166.42,936
288,3.7,14,11,44.57,161
499,3.56,15,4,469.84,225
107,6.96,16,9,249.59,909
233,6.48,17,3,384.92,688
62,8.42,8,5,209.1,632
309,5.98,11,11,380.83,320
150,3.48,9,6,397.74,726
194,9.1,16,3,167.08,366
337,5.71,16,13,316.66,760
339,5.61,12,12,277.42,241
352,3.39,6,6,141.61,230
455,9.73,16,13,179.35,729
450,5.18,16,7,290.48,459
496,5.88,6,6,206.48,140
418,8.31,14,10,171.25,146
55,8.8,8,2,187.22,546
450,2.8,12,8,83.2,184
229,4.87,16,13,385.42,974
157,8.4,14,5,230.3,381
124,6.23,6,13,124.48,117
51,6.4,7,12,34.43,281
95,7.08,14,2,402.89,482
409,2.57,6,5,459.96,468
402,4.53,10,12,297.52,301
118,8.81,12,2,20.31,504
490,6.78,8,14,359.69,150
72,4.98,14,10,167.1,427
492,6.14,9,9,50.15,690
337,2.63,9,7,48.22,624
148,7.18,8,11,274.71,819
495,5.53,7,8,337.33,733
324,4.79,6,14,419.78,997
217,8.0,14,3,268.81,478
414,4.95,6,2,156.47,495
277,5.56,14,10,222.06,666
98,7.01,8,8,18.83,289
130,9.18,8,11,472.58,610
391,5.04,11,2,494.3,311
278,8.91,7,11,192.99,198
288,6.27,9,6,299.52,177
100,8.29,10,13,179.89,824
72,4.71,13,7,454.96,57
275,5.41,11,10,264.06,643
387,4.02,14,2,145.94,271
419,5.33,11,9,209.25,227
78,5.03,14,11,118.03,787
111,6.91,14,4,324.97,582
426,4.7,15,5,111.37,668
401,8.63,15,4,458.27,918
301,2.72,16,7,277.66,951
496,5.8,16,8,221.74,465
435,3.5,8,12,392.24,326
202,8.38,7,5,294.31,868
405,5.78,6,14,207.36,315
457,7.08,7,3,356.33,612
172,9.52,16,5,247.79,506
304,2.57,16,10,438.75,445
244,7.32,9,9,147.42,890
403,6.3,6,8,173.73,669
353,3.97,9,10,427.75,445
217,7.5,16,5,40.19,819
102,9.89,7,14,247.26,907
171,6.93,15,11,180.17,68
324,7.72,10,4,14.88,187
404,6.37,10,6,380.89,298
353,8.22,11,4,207.72,104
379,5.78,17,8,12.87,941
457,9.18,9,12,415.68,221
375,5.85,16,8,494.75,695
311,2.61,12,12,299.99,221
409,9.04,16,5,289.05,947
255,4.64,16,6,262.44,811
273,3.36,15,2,405.84,251
225,2.97,9,5,25.22,271
272,4.75,14,5,188.42,101
316,3.01,10,7,352.77,415
355,4.25,11,7,324.98,164
300,4.53,6,3,184.09,496
157,9.01,8,3,361.61,645
222,2.58,16,5,219.29,183
282,6.6,15,4,246.13,188
117,9.63,17,5,144.84,143
332,4.75,14,6,42.83,506
100,6.56,6,2,302.07,865
230,8.63,6,10,166.95,476
192,4.18,6,3,426.66,136
112,4.51,16,8,31.48,691
53,8.92,10,8,133.77,123
203,3.64,17,8,166.66,991
100,7.66,8,14,456.98,627
304,3.42,17,9,327.65,675
435,4.3,13,13,487.87,292
286,8.21,6,6,44.64,724
210,7.55,10,6,341.88,603
250,5.77,11,11,135.45,329
360,2.69,14,3,269.01,282
266,8.47,14,8,221.71,889
169,3.6,14,9,249.77,360
391,6.55,11,11,189.69,110
139,5.94,10,13,281.55,101
131,5.64,12,9,273.06,802
332,8.38,17,13,315.06,110
429,3.24,15,7,45.81,880
456,3.36,15,11,260.65,715
110,3.66,10,13,314.52,458
166,6.99,11,6,132.68,891
204,4.79,17,9,149.74,379
255,4.16,14,5,482.53,237
340,3.37,9,5,112.03,430
369,6.29,12,2,456.67,919
469,8.43,8,9,472.22,816
259,2.91,12,12,121.77,440
141,3.81,17,6,175.23,512
96,8.54,13,6,239.02,725
313,7.82,16,8,281.51,765
187,8.67,14,14,324.63,121
458,6.79,9,14,368.03,214
350,9.5,15,8,477.52,840
334,4.85,9,5,264.02,457
226,2.89,13,12,365.21,905
343,4.63,17,7,210.68,393
483,2.73,15,6,438.1,929
271,4.88,10,3,276.31,358
53,2.83,8,9,380.59,513
206,7.92,13,11,403.3,209
390,6.77,7,8,48.56,840
316,9.02,17,6,125.48,928
283,4.28,14,4,397.14,945
288,7.55,13,10,68.88,964
101,8.85,12,5,280.82,394
52,5.56,12,3,177.74,208
303,4.08,17,2,213.8,746
299,8.16,12,11,497.79,104
263,3.5,6,7,213.66,224
278,4.84,11,9,289.45,910
154,5.75,12,3,311.3,962
486,3.74,15,6,433.85,772
418,6.23,16,11,84.47,586
464,8.81,13,10,100.07,882
96,9.88,7,2,226.9,887
434,9.74,17,14,359.67,283
310,5.85,9,14,205.86,276
233,9.67,11,4,330.46,750
54,4.64,11,9,46.47,816
338,9.49,8,6,185.53,865
186,7.19,17,12,138.58,637
173,9.01,10,3,489.68,419
305,3.6,14,8,115.47,261
395,9.83,7,6,164.81,765
272,8.0,14,2,49.92,163
134,9.03,10,9,76.14,619
66,2.5,9,4,196.16,356
53,2.87,15,8,426.3,214
237,8.11,14,3,187.67,781
483,4.78,6,6,487.79,144
308,5.72,15,6,274.98,659
361,5.76,8,11,463.83,740
390,7.81,13,7,211.89,497
171,7.26,10,6,116.24,320
75,5.21,17,5,167.08,997
391,4.79,15,3,116.67,229
385,2.59,17,13,374.93,754
398,7.13,11,4,218.69,468
127,4.49,16,9,363.96,283
456,4.71,11,12,227.09,402
83,8.69,7,14,472.45,620
174,5.49,13,11,84.19,318
484,6.77,15,6,367.47,672
374,4.87,11,10,310.43,540
88,8.97,16,8,82.57,473
415,6.09,13,2,129.3,610
323,8.72,9,5,189.65,372
367,6.95,8,7,209.17,347
175,5.26,8,8,188.64,951
52,6.62,11,13,448.43,966
180,7.71,14,11,208.28,851
239,6.84,14,7,200.8,948
87,9.98,8,9,209.94,137
467,2.63,6,4,276.99,63
63,2.68,8,9,18.29,519
379,8.4,8,10,234.52,525
186,4.44,8,8,162.73,620
315,4.38,17,12,340.81,93
232,8.55,7,12,299.55,345
257,6.85,7,14,20.36,904
150,8.37,12,6,456.56,710
247,3.35,10,8,451.37,513
322,7.05,6,10,229.94,396
499,8.55,15,11,382.63,663
69,3.57,17,2,339.77,447
229,2.54,15,10,103.64,560
175,7.77,12,14,121.11,522
60,6.58,15,12,130.54,756
58,8.48,11,14,438.03,351
314,5.73,16,6,223.66,141
164,8.07,16,2,492.91,358
193,8.89,14,10,362.85,719
311,6.65,13,3,448.05,948
155,5.65,9,5,490.88,490
148,7.38,7,3,399.13,129
289,7.16,7,11,243.78,635
225,3.26,8,9,251.58,116
437,3.81,8,3,230.3,383
341,7.47,7,7,247.78,820
240,4.56,15,11,91.6,136
459,9.45,16,7,208.21,76
209,9.09,12,8,251.56,869
238,9.0,11,4,331.35,156
491,7.95,8,2,413.71,646
288,7.58,8,6,306.95,192
154,5.59,16,4,380.61,873
269,5.11,15,11,294.98,848
204,7.93,16,14,93.7,885
235,8.47,11,14,85.17,517
205,9.32,12,5,133.86,612
236,5.91,10,13,255.92,417
88,9.73,16,3,74.54,812
333,9.64,17,4,189.71,590
381,9.13,7,5,184.79,498
132,3.97,17,12,313.8,806
314,9.15,13,5,471.23,869
345,5.15,16,14,141.26,62
276,6.83,11,8,161.72,160
89,4.56,14,9,92.54,308
445,3.97,12,11,104.96,806
104,8.77,9,3,404.89,847
373,5.55,13,13,235.83,204
91,4.45,9,2,268.38,79
189,6.75,11,7,203.15,960
223,3.52,7,7,37.4,732
119,6.95,11,9,108.58,142
256,8.07,11,6,399.82,239
50,6.15,12,9,76.89,626
327,5.84,14,12,232.38,812
456,4.35,10,2,194.15,284
183,4.01,7,7,110.54,684
125,3.98,12,9,363.51,882
267,5.57,12,10,412.22,487
426,9.58,12,6,113.49,956
169,5.88,16,4,268.63,284
348,3.94,8,3,485.36,559
475,3.72,6,9,318.99,761
323,9.77,17,10,329.62,466
489,2.86,17,2,63.91,168
264,7.28,8,6,416.8,492
273,4.04,16,11,437.95,853
186,8.0,14,14,13.47,724
64,4.0,12,8,318.71,89
343,7.51,11,11,334.12,342
405,8.84,9,8,411.51,291
130,7.83,10,13,53.93,473
145,7.99,15,5,319.46,402
216,8.46,14,7,458.42,622
406,6.45,13,11,467.37,928
313,3.44,17,4,256.99,320
199,3.47,11,2,90.17,887
230,7.51,16,12,473.63,452
245,6.13,7,13,99.63,767
250,7.29,15,2,410.73,270
430,2.99,14,3,25.29,309
240,3.76,7,4,101.8,952
335,5.27,14,8,241.98,565
484,9.1,17,6,467.0,657
276,4.49,14,13,146.17,746
302,7.26,15,10,220.77,105
495,9.32,10,10,172.68,523
200,9.53,7,8,41.16,294
384,7.99,8,11,388.41,293
170,5.66,7,5,211.45,431
222,7.32,9,14,307.42,220
303,8.37,12,3,272.49,954
241,6.3,13,4,435.18,692
276,6.79,6,2,88.1,301
445,7.1,15,2,474.31,123
210,8.37,8,9,29.89,924
269,7.03,15,9,94.65,177
210,4.93,6,10,173.68,649
466,9.19,12,10,484.53,182
409,5.48,14,4,416.67,894
112,6.68,12,13,419.7,817
243,5.06,12,9,382.16,762
359,5.48,6,14,213.92,352
180,6.87,11,7,23.78,698
62,7.38,7,8,349.04,308
306,7.27,6,10,317.13,847
181,7.92,13,8,118.67,302
435,9.37,9,5,71.97,579
243,5.16,13,11,207.49,753
365,6.16,15,11,169.01,358
252,7.51,12,14,352.05,522
286,5.95,12,11,492.62,309
219,7.18,13,10,69.47,846
264,4.2,12,3,63.58,998
286,9.04,6,14,315.25,240
141,4.45,11,10,90.72,314
352,5.69,11,8,77.74,705
299,6.42,17,5,320.55,229
153,5.51,17,10,326.56,703
264,7.23,11,14,141.21,851
196,9.08,10,7,206.16,203
469,5.87,11,7,92.74,653
183,7.58,17,14,103.73,658
78,5.76,13,3,376.14,536
71,6.7,9,11,371.03,68
492,9.08,10,3,178.55,634
358,6.89,11,3,234.54,427
196,5.62,10,11,210.26,548
365,4.67,15,11,10.12,424
162,8.3,17,11,414.51,284
87,8.46,8,10,341.78,60
298,8.15,12,14,165.29,611
226,8.82,6,8,76.4,455
200,9.48,12,7,72.13,879
67,7.05,14,2,157.58,304
111,9.78,11,6,261.58,938
64,9.73,15,14,250.32,54
178,7.13,7,5,323.21,195
465,8.97,11,5,374.24,512
469,4.72,17,2,283.05,602
326,2.64,16,11,35.62,888
125,7.38,12,10,476.33,932
241,9.75,15,12,410.8,758
220,9.82,16,12,391.21,962
206,3.32,14,9,161.83,786
466,3.63,10,14,490.2,368
198,5.57,14,9,252.46,68
384,5.38,9,9,311.52,284
487,8.45,12,8,282.09,905
316,5.52,7,7,117.34,327
190,8.63,16,5,460.74,652
182,8.4,8,6,346.0,773
399,8.72,14,8,268.14,814
395,7.55,16,14,429.52,523
161,9.88,9,3,341.75,437
219,3.02,6,7,155.63,260
63,4.77,16,7,197.91,776
360,5.58,16,2,28.51,888
450,2.95,16,8,453.9,100
472,5.01,8,6,42.66,868
420,6.41,11,14,341.29,392
329,9.41,14,10,242.52,627
212,4.69,15,13,427.27,430
372,6.41,11,4,466.11,913
422,8.52,7,11,85.87,589
398,5.35,14,3,483.1,818
207,2.97,13,10,349.99,112
62,6.48,10,11,260.92,144
93,9.5,16,4,235.37,631
95,4.17,6,4,338.11,735
274,5.79,8,9,368.98,790
409,7.5,6,7,469.48,899
97,2.57,11,11,368.79,413
173,2.6,10,8,498.37,281
460,9.58,6,14,304.47,458
131,4.49,13,12,367.02,382
481,9.81,15,12,73.23,230
80,8.68,8,2,402.94,321
412,8.05,14,5,290.23,784
473,4.56,11,10,40.0,731
388,9.39,10,9,66.22,633
225,8.35,17,13,37.63,534
300,5.12,6,13,255.83,529
365,9.3,15,13,211.05,132
264,7.6,13,14,318.08,885
345,2.84,10,14,106.15,145
395,5.54,10,2,446.21,126
289,9.74,10,5,317.15,962
183,8.02,15,6,337.96,83
338,5.97,7,5,253.81,81
197,3.55,15,3,277.99,293
442,3.91,13,11,300.32,779
317,5.46,11,2,28.39,887
337,3.29,7,11,73.86,283
77,4.54,8,11,34.08,934
428,8.35,15,14,383.56,309
201,5.66,11,11,107.79,633
51,9.83,15,5,468.72,408
105,8.89,17,10,125.43,608
490,7.96,14,2,215.92,872
300,8.93,13,5,45.64,108
438,2.59,8,4,104.09,341
277,2.99,15,14,157.81,466
400,2.89,12,9,449.17,865
446,9.46,9,13,237.99,459
165,4.58,8,7,124.82,767
248,3.86,16,6,213.35,565
483,7.58,11,6,240.65,951
304,9.52,8,4,245.29,204
95,3.33,8,7,367.33,622
396,2.59,11,5,429.94,941
308,3.5,17,4,284.46,409
334,5.78,12,10,41.8,373
399,5.85,8,14,276.62,245
159,9.3,9,6,142.47,570
93,4.99,16,5,261.25,211
229,8.71,15,13,186.12,811
490,3.04,6,9,483.26,885
331,8.55,12,2,465.92,628
194,9.3,17,13,143.43,302
221,9.13,7,7,211.14,743
301,3.89,14,14,357.21,763
182,4.86,13,9,175.31,322
207,5.75,17,4,226.77,504
54,7.8,7,13,185.78,67
86,8.35,7,14,92.38,207
492,3.27,9,14,323.84,450
449,5.99,11,5,328.62,550
489,4.68,16,2,203.23,788
241,8.23,13,12,495.41,142
78,8.46,14,9,139.76,753
207,7.16,14,14,15.77,786
377,8.21,6,11,251.74,349
391,7.69,17,14,419.86,782
97,2.69,14,2,105.52,551
280,3.7,6,14,58.58,156
100,4.54,8,12,332.86,405
495,3.41,13,7,197.36,515
112,8.42,17,14,65.18,174
201,5.19,11,12,104.79,727
388,7.02,14,12,103.85,549
342,3.98,6,3,340.35,544
232,7.26,12,13,209.87,353
423,5.38,12,10,283.98,522
446,6.72,15,9,473.38,139
147,3.74,8,2,58.29,948
146,9.08,16,7,74.2,57
213,3.89,11,12,53.19,896
111,6.38,11,3,408.44,530
420,7.43,16,11,68.68,806
469,4.91,10,2,413.15,73
90,8.33,8,9,232.44,317
398,8.67,17,11,248.81,543
61,8.81,16,2,127.72,565
182,3.0,7,3,338.94,224
50,8.39,13,12,499.29,995
220,3.08,10,10,473.11,280
201,3.32,6,10,326.17,644
469,7.79,13,14,214.81,75
407,4.01,13,9,430.9,331
84,3.55,7,4,464.97,161
248,7.78,8,3,451.58,774
211,4.22,6,4,44.33,71
224,3.27,6,3,42.97,541
451,8.19,9,5,278.33,960
427,9.6,12,4,324.72,681
280,6.1,8,10,14.22,564
334,6.03,8,3,53.95,985
364,8.52,8,13,238.09,390
127,3.89,15,5,246.29,711
321,4.82,13,6,339.17,166
135,8.98,17,14,188.87,436
264,3.29,8,11,448.59,228
64,8.51,12,8,362.16,877
106,3.74,10,7,422.14,575
308,7.5,17,3,74.91,53
182,9.35,6,7,474.34,262
131,6.05,9,5,42.54,385
393,6.39,16,11,87.05,845
158,8.9,11,10,293.77,423
64,4.0,11,4,313.11,93
494,2.52,8,3,51.54,257
103,5.94,9,2,184.54,835
153,5.3,10,7,160.47,513
209,2.62,8,12,387.19,938
234,2.94,10,3,50.8,110
454,2.97,17,9,448.43,462
484,9.12,14,8,195.69,367
415,7.03,16,2,21.7,881
231,2.53,7,5,408.24,684
352,9.57,16,12,330.9,949
153,9.95,6,13,83.8,813
276,6.29,14,6,189.91,783
377,6.24,17,11,13.66,119
295,4.93,6,8,20.77,719
184,4.33,15,7,364.11,965
303,9.86,6,5,85.87,589
196,8.56,12,5,417.65,388
278,6.35,7,13,466.55,267
388,5.62,14,5,216.24,516
440,7.22,11,10,387.9,722
366,8.39,15,11,483.99,108
64,5.73,8,9,458.23,948
450,6.21,11,3,119.57,177
285,9.04,14,10,10.63,923
147,3.26,14,12,469.4,607
367,5.47,17,14,294.59,109
332,9.59,16,8,454.36,315
226,4.85,17,14,379.12,507
349,4.28,16,4,466.43,431
86,8.04,15,2,425.62,582
378,5.31,12,10,212.54,783
193,7.38,11,12,353.17,933
420,3.39,17,7,276.27,932
265,8.23,15,14,327.57,842
153,6.07,17,9,120.35,865
429,3.1,6,10,104.23,266
137,8.15,10,14,29.11,505
103,7.57,11,13,45.89,333
280,5.89,6,9,174.35,108
139,6.34,17,11,29.31,811
127,8.05,13,12,404.5,574
179,8.02,14,2,287.76,745
96,9.2,16,11,347.75,225
492,6.96,16,11,220.79,968
288,8.95,9,11,349.51,790
85,9.76,15,12,225.9,578
452,3.76,9,14,80.1,795
61,6.22,13,13,285.43,680
460,2.75,6,12,428.66,632
421,4.72,12,6,310.22,956
467,7.77,12,7,361.85,488
414,3.36,9,3,365.48,951
300,5.78,9,11,363.1,263
339,5.49,10,14,329.84,552
395,3.3,8,2,381.85,222
434,4.87,8,7,139.99,366
63,5.27,8,12,68.44,77
186,9.31,16,7,325.25,467
321,5.74,13,11,111.68,763
82,6.7,12,4,226.92,874
74,4.04,7,5,244.93,50
368,8.43,6,7,335.11,489
274,9.32,17,7,81.84,672
193,2.82,16,13,280.33,867
88,2.99,13,13,424.3,162
293,9.0,11,8,325.93,444
322,5.01,6,6,178.85,617
66,8.64,16,9,60.14,315
353,9.03,9,8,475.64,919
423,4.78,16,13,204.67,292
401,7.54,16,9,138.72,141
383,7.04,9,11,87.11,329
276,6.87,12,2,285.06,933
241,2.55,10,4,401.29,121
426,8.48,9,10,271.93,594
422,5.95,14,2,141.74,717
118,7.84,14,7,285.95,208
94,4.0,13,8,297.05,861
372,6.23,12,8,209.63,888
269,2.93,11,8,162.64,505
144,5.35,17,12,130.71,896
155,8.64,16,7,219.56,203
103,3.46,9,8,201.22,975
374,8.2,11,8,361.42,278
276,3.81,17,6,75.76,704
199,3.15,16,11,259.89,734
440,5.45,16,6,21.06,592
273,7.97,13,5,48.47,695
320,8.48,17,4,462.63,770
54,9.16,8,7,147.04,718
191,2.83,12,13,442.42,357
457,9.1,6,9,469.37,719
109,10.0,17,8,258.01,596
121,8.88,6,9,183.49,484
367,3.49,13,9,343.32,604
292,6.08,14,4,14.49,226
50,3.81,15,10,279.21,285
201,3.86,7,4,31.98,356
239,7.24,9,8,371.34,842
442,8.97,16,2,158.5,821
436,4.94,16,12,468.88,516
114,6.71,11,8,411.0,214
116,8.08,6,9,320.61,388
474,8.53,13,9,57.44,526
478,4.66,13,13,67.6,947
193,3.1,16,4,199.37,964
345,7.8,6,13,467.46,281
471,3.05,16,7,53.72,541
74,7.86,11,11,342.28,193
266,5.12,8,14,373.89,747
459,9.05,9,7,165.46,531
347,7.57,6,6,300.85,290
133,8.59,9,4,458.55,933
367,9.68,10,8,217.45,598
144,3.22,10,13,294.09,718
374,3.96,6,9,312.87,706
458,7.93,8,12,420.54,391
494,4.94,7,9,302.17,894
380,7.77,7,9,405.29,80
100,9.03,7,12,170.84,798
221,9.79,6,12,311.98,305
77,8.3,13,6,51.85,524
338,6.5,7,6,131.01,257
358,6.17,16,7,203.46,758
416,9.98,17,10,483.07,576
435,6.31,16,14,129.37,589
342,5.13,13,7,113.27,73
395,7.71,7,11,86.74,137
107,9.99,6,10,445.25,981
300,2.97,14,5,257.42,295
451,9.88,15,14,493.23,879
136,9.7,14,7,56.42,745
124,9.64,6,3,320.3,843
322,6.32,10,8,51.48,355
413,3.96,14,9,494.72,402
379,2.68,17,2,144.61,169
418,4.99,12,6,256.51,630
212,5.49,11,5,357.56,587
391,9.38,8,13,141.57,661
114,7.56,15,2,421.6,898
423,4.94,8,6,159.11,933
409,8.92,6,6,420.06,764
337,4.45,13,10,84.59,780
352,9.86,13,8,384.9,606
110,5.65,12,5,307.8,169
443,3.81,11,5,212.7,827
494,6.5,7,3,215.28,478
437,9.63,14,3,409.82,337
326,7.13,7,4,392.54,73
420,7.36,12,13,318.32,376
173,3.37,9,7,95.25,700
219,2.59,17,14,370.41,647
437,8.12,10,5,208.55,219
351,9.26,13,6,233.18,224
466,3.83,15,3,362.8,254
74,7.42,7,7,301.69,362
476,6.07,17,9,13.61,50
70,7.81,10,3,273.27,237
240,5.8,11,6,422.39,609
366,7.53,10,3,150.76,705
180,5.77,9,6,251.04,176
369,3.01,6,11,362.5,637
130,9.8,10,3,405.66,236
459,7.12,11,5,409.87,759
389,4.2,8,3,27.23,284
75,3.22,10,5,401.85,615
101,5.43,13,13,247.1,952
495,9.26,13,4,147.83,450
75,5.67,10,11,418.12,516
277,5.21,14,3,270.86,966
107,4.52,12,8,86.29,236
334,6.13,11,5,158.61,304
161,4.77,13,10,396.75,987
317,6.74,14,7,448.57,196
318,4.06,13,5,52.21,515
145,9.03,16,8,387.17,440
386,7.1,14,6,335.37,824
354,4.07,9,12,276.5,539
141,3.11,15,2,115.58,865
194,7.76,6,7,349.47,207
145,2.64,7,5,35.83,594
160,9.32,16,4,68.68,638
156,4.61,8,9,37.98,813
228,3.96,6,2,336.69,877
314,4.93,8,14,142.12,494
422,5.23,14,11,25.22,68
400,5.26,8,4,465.09,566
406,3.24,13,9,377.58,832
247,3.61,12,9,264.0,345
420,6.38,14,8,484.33,904
387,2.69,13,2,234.3,145
62,5.38,8,11,19.51,570
399,6.2,6,12,449.16,466
321,8.24,12,11,441.82,690
271,7.06,17,3,432.76,342
429,3.44,9,9,444.43,733
495,9.53,12,10,141.32,238
441,7.0,16,5,480.28,964
380,5.28,12,14,48.53,215
378,9.04,6,11,413.27,525
107,7.05,11,8,464.9,789
477,5.89,16,5,256.41,505
221,3.03,11,12,419.94,93
372,6.48,15,6,21.48,991
85,3.87,16,3,90.64,728
317,7.14,16,8,217.12,503
195,6.43,15,10,94.12,574
432,3.08,6,5,398.34,138
90,3.29,9,14,19.79,908
103,9.58,10,14,177.69,548
130,8.79,14,7,126.16,68
227,5.34,8,11,103.83,796
176,3.49,7,11,57.71,639
268,7.3,16,2,146.33,690
355,7.26,11,5,452.6,534
395,5.05,13,4,297.26,451
236,3.05,16,6,151.68,744
480,7.88,10,4,36.71,533
306,8.88,8,7,411.52,74
235,4.35,13,3,337.89,284
167,7.93,10,3,385.49,397
239,9.01,11,5,368.62,516
275,8.04,14,10,145.86,735
270,7.67,9,4,141.34,452
144,7.34,9,8,272.94,330
387,7.2,17,11,187.15,734
177,7.31,11,9,85.85,919
469,7.6,15,8,156.72,760
186,7.82,8,11,127.21,717
59,8.42,12,6,270.36,969
360,6.34,8,4,141.16,301
338,3.26,14,8,121.49,177
147,3.72,16,2,89.62,363
177,5.86,15,4,232.93,154
471,4.02,16,8,217.94,307
484,6.7,15,11,213.4,461
279,7.08,17,2,142.17,517
162,5.19,8,12,474.1,218
334,5.93,17,13,32.57,75
296,4.04,6,7,254.49,251
55,4.43,17,3,115.53,130
376,4.52,10,8,18.17,260
442,7.27,14,14,471.67,587
145,4.72,8,13,429.91,314
162,3.77,16,10,476.61,894
74,8.32,10,5,113.16,805
235,8.03,14,6,281.49,788
320,6.05,12,14,423.04,724
394,8.35,9,11,162.08,681
476,2.85,10,3,306.48,144
183,4.36,9,6,272.92,998
200,9.93,10,7,260.85,585
148,7.96,7,10,364.19,955
237,7.86,14,12,353.63,936
224,6.04,16,4,270.65,980
152,6.74,14,4,106.62,97
469,7.66,17,2,108.69,432
361,8.92,9,3,114.63,756
412,9.32,16,11,453.02,875
431,7.97,8,6,228.92,515
309,7.29,15,11,318.54,830
428,8.7,10,4,257.09,695
239,5.36,6,4,109.72,513
290,7.18,8,10,262.14,224
54,7.49,9,14,321.69,990
266,5.26,13,12,192.2,492
318,4.4,16,11,442.59,971
319,5.94,14,6,271.44,219
134,5.93,10,4,418.17,696
167,7.78,8,6,82.25,609
196,6.63,15,8,194.23,768
66,9.21,10,11,305.96,506
345,6.56,13,5,305.86,804
488,3.62,11,8,26.81,985
102,2.74,8,9,498.15,187
322,7.01,15,3,107.59,967
174,2.93,16,8,149.3,651
276,2.7,13,14,296.97,271
102,8.28,9,5,499.68,119
57,7.43,13,7,191.54,521
446,6.83,13,14,371.76,844
214,7.87,9,9,414.47,947
148,2.75,13,5,125.99,474
352,2.86,13,2,243.8,689
433,7.36,16,5,438.46,465
263,3.05,9,4,379.37,779
313,4.58,10,10,293.26,623
210,6.22,13,7,334.37,504
376,8.21,7,13,473.58,965
310,7.17,7,9,371.69,669
345,2.71,9,9,336.85,725
171,7.73,7,5,344.51,135
499,3.46,12,12,268.23,805
272,8.62,15,7,389.58,381
273,7.13,7,5,18.31,939
420,4.45,12,5,468.92,935
414,7.87,10,6,354.18,191
391,6.14,11,13,323.29,83
308,4.44,7,7,53.5,161
147,8.41,17,5,336.23,327
439,4.57,10,2,354.29,700
88,5.16,9,2,396.14,459
50,6.14,10,6,294.07,812
265,2.5,15,7,342.54,84
53,9.06,12,12,250.95,422
498,6.5,15,3,350.12,305
375,3.17,15,12,493.11,144
380,7.27,14,5,37.13,871
495,6.65,16,9,92.61,413
496,2.97,8,10,377.01,578
447,8.0,14,8,208.8,327
367,7.31,17,13,255.43,691
384,9.56,12,10,328.09,73
68,5.29,6,9,138.51,393
351,8.76,7,13,349.36,734
341,7.92,15,6,479.92,292
285,6.12,14,3,50.63,447
437,4.2,8,8,290.43,78
453,2.56,17,8,107.12,400
457,7.45,12,9,349.77,91
181,8.04,16,4,458.03,653
433,6.39,16,2,136.53,50
304,3.56,14,14,403.57,135
251,6.91,8,5,344.76,315
212,4.73,10,14,346.18,216
401,7.71,8,13,88.28,917
256,9.2,12,9,334.31,642
368,7.39,11,4,428.16,480
226,5.41,8,13,140.93,118
484,3.52,10,3,408.08,603
112,3.75,15,3,287.22,106
147,4.31,16,5,102.65,114
87,5.09,11,3,387.91,653
316,9.95,15,3,359.92,595
354,8.28,16,3,253.61,302
456,8.49,9,4,477.31,472
352,4.42,14,13,384.41,777
439,5.74,12,14,53.31,616
367,3.49,14,11,166.83,608
209,5.66,15,7,102.36,415
214,4.85,15,9,404.89,792
148,3.12,8,14,171.47,556
180,9.18,15,14,31.5,595
365,8.19,12,13,62.65,223
77,4.32,7,11,297.43,357
83,2.84,15,6,202.49,89
127,4.29,15,13,155.13,558
412,3.22,14,13,217.85,109
301,3.88,15,9,226.61,346
261,3.0,15,8,407.86,397
493,8.7,9,13,293.5,519
414,8.86,11,14,276.01,95
471,4.28,11,7,235.73,352
207,6.54,11,7,462.41,729
385,3.45,17,3,150.83,282
54,3.63,11,8,65.48,940
69,8.74,16,8,382.89,103
344,4.57,13,14,485.9,889
370,6.68,17,14,207.24,938
74,8.06,17,13,74.23,823
203,8.67,12,13,377.37,806
196,5.49,10,2,155.81,934
154,3.14,14,3,484.25,124
290,7.33,8,3,476.61,941
150,4.05,14,8,222.99,739
320,5.06,13,9,438.62,499
193,8.16,17,7,269.47,885
495,2.73,14,6,68.99,846
428,9.59,15,5,391.16,353
484,6.95,17,13,55.82,641
462,2.66,12,13,302.23,887
167,6.33,17,4,322.33,256
476,8.13,15,5,229.72,505
77,9.19,11,7,357.79,861
492,3.31,14,14,110.88,578
450,5.28,15,2,170.2,360
372,8.11,17,10,55.89,262
229,6.41,13,2,317.82,313
201,3.4,10,10,126.79,754
371,2.95,16,2,153.01,829
210,9.86,7,10,456.0,673
162,2.59,11,13,33.01,632
259,8.84,12,9,246.18,748
425,9.84,6,6,391.97,205
397,8.67,13,10,405.77,300
112,6.61,10,9,130.45,80
405,5.56,7,4,148.51,432
484,8.13,16,9,287.29,620
468,3.66,9,3,29.02,241
329,6.02,6,9,271.47,528
466,7.52,12,7,51.85,773
112,9.45,15,7,189.61,369
167,6.83,15,14,268.51,198
414,8.46,15,9,483.23,836
233,8.78,8,11,499.61,763
303,4.8,15,2,142.03,131
223,4.03,6,14,263.39,842
124,9.67,17,3,130.86,686
229,6.36,8,2,206.17,725
272,6.57,9,2,30.13,885
89,8.67,14,10,45.46,441
408,5.75,6,3,106.58,720
489,5.04,14,3,167.63,931
201,4.35,10,10,275.46,236
351,4.61,12,14,387.29,590
58,3.07,12,6,276.79,461
415,5.88,10,10,290.42,999
375,7.09,13,2,242.83,949
122,4.69,7,6,158.72,507
301,6.11,10,3,400.23,277
398,2.64,8,9,247.58,56
193,2.96,6,8,435.37,211
161,6.31,12,2,197.95,779
144,5.46,7,8,122.56,157
335,9.79,14,7,107.84,129
121,8.32,8,8,40.99,135
219,9.3,15,6,220.62,696
343,6.19,15,6,282.79,367
337,4.94,10,13,73.59,75
166,7.85,9,3,195.39,473
246,9.86,11,11,436.08,761
286,8.29,7,3,346.15,511
205,3.52,8,11,460.82,540
182,6.31,17,10,139.96,115
445,8.32,11,11,25.92,164
153,3.1,11,11,300.81,861
209,8.54,12,8,16.51,781
99,7.41,9,6,59.08,578
202,8.44,6,7,284.96,448
163,5.53,12,8,35.88,239
275,3.86,6,3,65.69,640
271,2.95,12,11,73.4,494
171,9.54,16,6,441.84,698
88,6.93,8,12,189.97,621
153,3.16,10,3,146.29,527
118,5.19,7,7,23.81,489
149,5.26,6,10,259.66,498
395,6.16,8,10,411.64,67
138,3.66,7,12,480.2,434
261,5.58,17,9,461.17,59
391,2.53,6,13,309.71,430
242,5.75,12,12,166.89,994
421,6.3,15,3,87.03,696
219,6.56,16,3,470.97,483
87,4.36,15,5,377.89,319
326,8.31,11,5,147.09,915
406,9.83,10,11,36.18,646
485,7.62,10,2,246.68,421
152,8.53,15,5,158.36,615
447,2.51,9,14,248.86,358
284,9.05,6,5,407.62,961
115,9.81,17,14,336.54,316
55,8.55,11,11,211.19,61
442,9.21,11,2,67.0,104
200,7.18,17,8,442.4,341
78,2.76,15,11,475.75,442
201,8.71,12,3,255.1,309
342,8.36,17,6,102.68,502
91,4.1,13,12,454.26,91
207,4.09,16,11,322.33,986
203,2.76,14,4,115.48,769
213,5.01,8,9,265.7,224
491,9.86,12,3,192.87,570
445,6.61,14,6,328.98,74
350,6.19,13,9,214.52,568
429,5.15,13,3,439.21,797
359,4.66,6,9,170.04,622
456,3.88,6,3,373.03,276
306,4.45,14,3,28.41,111
267,3.19,8,5,90.71,628
251,4.1,10,10,37.75,882
407,3.69,14,14,48.16,57
162,4.12,14,13,33.06,604
362,4.73,15,6,138.72,374
219,7.12,13,13,72.17,684
354,8.82,9,12,61.84,487
377,5.41,9,6,417.31,752
228,6.07,9,4,268.36,729
380,7.14,16,9,140.39,892
326,6.44,9,8,11.92,951
146,9.64,9,14,403.81,159
331,9.33,13,8,205.25,581
53,3.36,17,8,456.31,964
61,5.57,17,7,410.77,93
111,8.11,6,11,198.92,257
379,9.07,6,4,437.06,933
342,3.01,7,11,96.57,573
418,6.87,7,2,218.15,126
422,8.14,15,6,142.63,390
447,2.89,11,8,248.08,916
168,4.19,10,5,209.12,596
56,8.85,11,7,220.86,618
434,3.75,14,5,31.85,641
257,8.48,13,10,173.32,382
486,7.64,7,11,338.42,805
209,2.75,13,10,453.82,233
421,5.48,8,3,56.48,484
172,4.02,17,8,256.81,524
175,5.88,11,9,65.49,669
194,9.07,10,5,483.35,391
150,8.77,15,12,436.69,275
214,8.09,8,10,197.97,253
150,7.66,8,8,39.73,738
441,7.59,13,12,322.69,449
228,8.8,11,8,96.44,782
365,7.55,17,13,421.98,614
357,9.94,12,7,400.74,714
463,8.63,7,10,492.94,620
451,8.98,13,8,194.9,696
316,3.7,17,2,385.72,374
194,3.54,17,5,273.47,986
179,8.86,15,11,96.1,302
169,2.54,17,11,248.38,910
210,4.13,6,9,364.43,416
222,9.96,16,4,45.54,430
308,9.34,13,8,440.9,367
226,8.87,17,11,297.81,689
188,7.39,9,5,13.48,148
435,3.07,17,4,246.35,198
311,3.25,15,4,11.88,619
138,5.49,16,12,293.16,454
353,8.98,8,6,253.4,811
389,3.8,12,11,88.88,687
263,9.72,8,14,481.19,649
63,6.95,12,6,431.16,306
379,3.08,9,2,230.51,554
72,9.75,9,6,228.41,57
236,4.18,6,2,38.54,380
65,5.35,13,6,237.78,797
296,8.94,11,12,415.51,978
480,3.76,13,10,249.07,909
63,6.87,10,6,407.44,464
386,4.62,16,13,176.43,160
89,5.28,16,9,376.64,310
190,6.7,8,7,124.12,503
449,3.26,11,11,194.33,539
452,3.41,16,4,299.49,303
373,3.4,13,10,253.99,215
91,6.56,7,14,410.23,748
362,6.08,9,14,22.1,648
285,4.83,11,8,220.43,926
391,8.17,11,6,181.85,460
238,4.84,12,4,288.72,840
160,3.55,8,4,98.03,408
88,9.19,8,11,104.88,541
397,8.41,17,8,419.27,921
245,9.53,12,4,434.74,531
93,7.66,12,9,340.07,840
308,7.36,13,4,108.08,900
319,6.93,8,11,65.3,635
362,6.2,16,7,482.32,101
55,6.37,15,3,104.49,750
291,7.03,7,6,424.21,240
394,6.86,7,6,55.84,712
195,8.21,9,14,273.68,458
331,4.67,17,4,159.33,707
306,2.59,12,6,218.9,227
451,6.39,6,11,189.48,912
393,4.83,17,11,125.87,135
163,2.59,13,14,23.64,627
197,4.04,17,6,491.96,815
446,4.41,9,5,238.21,229
447,9.67,11,13,373.58,530
373,3.34,8,3,45.38,931
363,3.03,11,6,269.73,843
50,9.89,12,5,226.51,595
252,6.91,8,7,80.77,930
241,6.16,16,4,198.17,681
293,7.81,14,6,136.0,298
164,2.64,13,5,445.98,905
455,4.3,10,14,21.29,286
357,7.9,11,3,224.51,783
446,7.48,7,6,189.35,322
341,9.15,11,13,392.43,314
96,4.71,10,6,384.01,484
89,6.88,13,14,78.46,322
156,7.44,17,2,412.52,232
187,5.94,11,10,405.56,874
499,6.38,17,10,66.97,273
267,8.83,10,5,413.1,695
214,5.11,16,10,489.35,142
431,8.01,7,9,102.43,788
329,7.71,13,10,79.67,811
437,8.66,17,6,481.16,696
110,7.78,7,12,237.53,942
50,3.9,13,11,292.7,629
56,6.58,17,14,149.77,898
177,8.79,16,6,315.34,980
206,8.85,16,11,462.38,697
146,6.41,6,9,315.05,610
464,7.67,7,4,434.63,929
84,6.76,6,12,136.57,893
474,4.61,13,10,429.4,219
324,9.27,10,3,161.92,986
118,7.71,9,10,393.63,120
184,7.16,10,12,317.11,794
298,6.39,16,4,381.61,801
158,7.94,12,8,220.87,999
354,4.44,13,13,478.04,916
331,7.69,14,8,310.57,616
241,4.88,10,10,91.81,360
119,5.09,11,11,465.7,296
440,4.93,7,10,129.29,171
278,7.41,11,9,184.21,675
440,7.87,16,11,446.02,851
333,6.75,15,11,395.49,580
152,3.16,10,8,328.85,243
161,7.43,6,11,61.84,551
358,5.01,15,13,348.97,806
266,9.76,9,2,33.41,123
108,8.21,12,2,468.73,849
226,7.92,14,7,282.38,395
315,7.84,15,5,282.84,315
196,2.68,13,4,14.16,664
234,3.68,8,7,355.69,609
241,9.64,9,11,47.97,200
246,5.94,13,9,450.31,450
278,5.1,7,14,487.63,848
243,2.54,16,9,105.47,356
309,5.1,17,3,249.42,852
267,9.39,16,13,426.78,957
490,3.1,16,13,29.38,810
162,9.77,16,2,108.45,755
100,6.25,13,13,389.59,862
194,3.28,15,4,392.83,121
395,6.11,8,7,35.64,695
151,9.56,15,6,310.94,747
202,7.49,9,12,403.55,593
180,3.28,15,5,110.09,397
438,8.45,15,6,182.34,849
171,9.67,11,10,288.77,842
202,6.85,7,8,229.83,257
150,5.32,17,2,263.92,484
404,8.49,12,3,182.59,385
340,8.28,8,5,148.92,347
484,8.36,9,4,441.81,918
398,6.12,17,5,337.0,576
180,8.69,17,14,495.9,656
468,7.71,8,8,433.26,493
59,5.31,9,6,315.35,689
278,8.17,15,2,194.64,487
89,4.32,16,2,468.64,870
102,8.18,9,8,97.38,800
301,5.63,10,3,465.66,948
275,2.57,15,8,45.46,573
333,9.97,11,7,492.44,596
160,6.04,12,5,158.65,917
298,9.18,6,6,123.06,835
316,2.56,12,3,269.64,954
214,3.93,9,12,493.68,967
53,3.53,14,14,273.67,864
192,4.14,6,8,228.97,579
357,9.01,17,7,73.16,592
107,9.45,16,5,103.29,724
414,6.86,14,6,283.14,812
118,3.94,7,12,449.41,852
342,3.99,12,11,204.62,635
367,4.0,14,11,461.93,667
96,7.0,9,2,372.85,904
225,3.11,6,9,26.38,926
170,2.64,17,14,149.93,141
313,7.98,13,2,460.82,890
267,2.74,7,8,497.87,93
133,5.28,10,4,240.7,420
418,3.41,7,3,33.75,206
201,2.72,16,10,417.87,385
211,3.34,16,8,103.3,965
105,4.79,15,12,58.04,86
444,3.99,14,6,347.87,310
171,8.24,13,12,42.16,724
337,2.61,13,5,48.83,137
462,8.03,10,2,235.21,368
258,6.25,15,12,30.68,308
420,5.14,7,13,497.34,216
411,9.83,13,10,150.27,709
81,6.25,16,10,14.56,695
103,3.68,14,3,17.9,815
448,2.92,7,10,316.15,713
193,2.54,15,2,134.07,755
410,2.94,11,12,101.58,236
63,7.6,11,8,253.18,772
356,3.85,9,5,88.24,766
493,4.65,17,8,62.44,831
317,9.75,12,3,45.56,832
272,4.24,16,2,192.43,499
430,9.68,12,5,263.64,711
249,8.71,9,5,263.39,705
364,8.91,7,7,315.05,999
237,9.72,11,13,95.64,986
56,8.5,17,2,463.08,373
326,8.41,8,5,436.31,979
495,8.25,9,4,210.91,831
365,6.5,9,4,86.37,812
198,9.4,7,13,52.1,621
58,7.28,9,8,300.56,55
335,9.85,9,4,204.07,807
145,2.89,16,7,28.47,135
435,5.96,6,3,295.25,812
299,6.29,15,11,147.0,756
189,5.67,17,8,287.5,775
414,6.79,9,11,472.17,106
442,3.08,9,10,74.96,453
313,7.34,13,7,452.94,447
66,9.86,15,8,95.65,369
344,8.75,12,13,29.63,864
398,7.76,17,7,416.53,391
436,7.81,11,6,22.16,181
471,6.84,16,5,291.01,442
408,6.56,6,2,287.27,971
355,5.47,11,2,433.56,814
272,2.88,14,8,108.28,305
262,6.79,17,12,256.36,144
113,4.91,12,11,485.63,550
95,9.73,9,5,405.48,355
147,5.97,9,2,230.4,824
150,4.0,15,9,229.56,720
425,5.15,10,8,112.61,925
96,4.77,12,3,71.29,589
157,4.47,13,14,423.14,739
158,7.26,6,10,455.41,385
448,3.57,11,5,376.85,71
359,7.97,12,12,302.59,434
416,3.48,12,13,272.05,190
362,4.31,16,14,444.55,622
251,3.04,7,8,128.46,213
338,7.11,11,13,338.66,948
74,2.51,17,6,431.95,727
473,9.79,9,14,479.41,303
216,9.8,15,11,125.17,855
276,8.5,8,4,337.94,918
353,8.54,10,4,149.49,494
265,7.6,11,10,436.77,397
280,9.0,7,6,494.13,50
368,9.85,6,7,431.91,120
280,7.23,9,7,303.52,869
429,3.26,11,10,167.06,497
152,8.78,14,2,341.79,825
254,5.11,9,11,93.83,976
121,4.48,17,7,169.53,351
482,2.82,13,5,469.97,859
435,6.84,14,4,106.87,689
103,5.73,17,6,292.14,668
497,4.21,8,2,247.06,940
338,4.38,6,9,247.69,850
91,6.23,11,14,135.98,760
439,2.89,9,5,73.24,779
283,9.72,16,8,270.72,291
110,5.64,10,11,130.19,817
228,8.03,14,9,357.77,653
162,5.41,10,5,159.5,776
359,5.18,11,14,335.23,283
221,6.06,15,9,336.31,746
295,3.74,6,9,355.2,862
247,7.15,12,3,19.97,503
448,9.16,17,3,358.45,534
498,7.67,8,13,434.84,374
85,7.52,12,3,112.56,824
302,7.28,6,9,184.82,70
86,7.05,10,2,273.32,587
354,5.3,14,10,174.86,237
145,3.6,9,3,135.28,249
65,8.63,10,7,473.73,224
214,6.4,6,9,127.29,317
100,5.11,7,13,388.69,57
147,9.41,10,11,181.98,600
495,9.95,17,4,11.79,417
221,3.09,16,6,317.73,795
104,4.38,13,9,150.25,526
264,7.08,8,11,378.68,103
366,6.13,10,5,84.12,78
308,7.26,16,8,331.16,632
481,4.64,15,10,452.98,170
425,5.15,8,10,317.97,136
144,9.45,17,3,125.95,768
75,3.01,17,10,81.36,342
379,8.21,14,8,99.49,773
376,6.24,16,7,358.11,615
91,7.08,7,4,176.71,926
87,6.69,17,8,378.84,746
329,4.11,8,8,129.13,84
265,3.16,17,12,298.33,193
190,6.66,14,9,67.36,463
415,2.94,12,2,135.58,969
275,9.88,6,11,277.09,342
333,4.43,11,11,327.53,481
250,2.83,7,4,438.93,94
305,7.98,6,14,161.09,513
147,2.81,6,9,481.55,90
492,4.81,11,8,53.84,215
458,7.95,6,6,354.93,514
416,4.42,8,3,259.77,176
112,3.04,11,8,166.81,582
349,7.27,6,4,73.09,470
335,5.69,11,12,311.1,949
177,6.33,8,4,255.95,896
192,9.05,17,3,168.53,492
489,5.9,15,3,404.51,283
198,6.27,6,12,35.46,538
106,6.54,7,4,228.9,936
202,8.03,11,11,225.81,62
295,7.42,8,11,113.08,177
122,4.99,17,3,102.07,713
369,4.14,15,14,140.14,633
166,6.41,8,5,488.18,379
454,9.47,16,5,481.56,862
71,4.8,10,9,488.48,806
129,8.24,11,12,207.79,755
397,3.02,15,5,442.04,736
51,2.93,11,13,494.78,602
247,7.17,11,14,177.37,299
291,7.45,10,11,90.49,154
485,4.5,12,8,57.83,744
206,5.73,6,8,306.11,480
226,5.74,6,4,223.67,820
156,3.07,6,12,173.02,357
211,4.65,17,9,134.07,768
177,9.86,17,8,69.27,843
284,4.07,15,14,274.9,380
189,7.54,8,2,97.63,652
176,9.61,13,4,434.76,360
377,8.56,11,12,371.88,439
315,5.26,15,14,227.8,914
111,9.71,7,2,48.48,614
157,7.73,8,7,421.82,583
409,9.91,11,4,493.42,527
163,7.58,11,7,337.59,474
195,3.03,16,8,479.31,713
197,2.77,10,7,46.82,524
354,7.28,14,11,468.06,413
389,9.3,7,14,46.35,906
330,6.6,11,5,473.43,905
60,8.21,12,10,348.14,138
153,7.44,17,5,440.94,552
298,7.46,7,3,286.83,941
83,7.78,15,10,335.26,151
118,5.05,12,11,419.13,228
459,8.06,15,7,337.69,259
281,9.63,15,6,59.3,295
301,5.45,8,2,88.82,212
459,8.03,9,9,112.58,389
487,7.03,17,12,367.65,221
203,5.75,16,8,99.95,390
433,8.96,16,8,285.45,447
60,4.59,12,8,441.93,576
335,9.25,12,10,128.21,606
390,3.64,13,14,406.34,233
372,5.95,8,9,288.92,185
92,4.87,7,13,473.06,856
471,5.07,12,11,297.03,357
160,7.1,13,6,44.53,294
342,3.33,17,9,248.36,164
322,3.75,7,13,277.84,976
447,7.54,6,14,46.05,638
143,2.69,9,6,105.12,126
273,7.77,11,3,74.47,374
460,7.2,7,12,31.39,184
104,7.85,13,4,280.65,614
391,8.18,13,13,217.67,666
208,8.99,6,2,174.45,806
310,4.38,11,7,82.25,383
275,5.53,13,11,445.95,569
264,9.7,9,10,451.44,436
78,8.5,7,10,14.09,787
366,6.24,16,7,113.78,416
139,3.0,17,3,175.8,98
102,4.3,10,14,126.68,701
318,7.79,12,7,448.11,214
422,6.62,13,8,383.47,70
232,7.33,14,11,164.15,936
287,3.57,13,5,391.18,925
288,7.52,6,7,86.7,195
467,5.91,9,12,127.57,420
203,6.85,10,4,328.91,382
278,8.66,16,10,246.7,165
419,9.48,10,2,237.27,923
83,5.67,11,2,438.63,811
328,8.67,15,12,490.9,554
167,5.27,11,12,467.86,230
239,4.22,9,6,188.17,78
279,5.51,14,13,359.84,154
294,3.49,14,7,360.05,531
231,6.07,13,14,263.98,64
337,6.52,7,2,253.29,246
367,3.46,17,10,253.2,158
264,9.76,11,11,228.48,552
160,8.81,9,3,342.79,509
327,7.31,13,3,231.59,78
425,4.13,9,11,473.98,644
125,5.96,11,12,467.68,323
406,5.87,10,7,397.35,873
168,4.19,14,13,43.33,348
288,2.79,15,12,323.24,443
133,7.65,11,8,233.6,219
291,7.06,9,6,191.92,828
312,9.24,16,5,445.0,869
142,4.09,13,13,398.49,772
397,2.8,8,11,131.66,224
313,3.41,11,14,139.87,520
197,8.69,17,4,120.58,880
250,3.54,14,10,67.58,171
335,7.82,12,7,499.74,722
370,3.62,6,13,211.3,758
323,6.6,11,5,37.03,753
217,4.89,11,5,187.47,94
57,3.02,17,13,10.7,683
420,3.75,11,7,395.62,196
84,9.21,11,12,256.82,627
247,4.58,17,7,374.77,837
433,8.51,15,2,235.75,940
198,2.91,14,4,303.65,324
285,7.72,12,2,192.6,913
231,5.29,12,9,87.67,666
88,3.49,10,5,498.46,577
328,2.81,15,13,470.94,375
345,8.32,10,9,95.24,150
418,3.61,12,12,281.76,849
66,3.64,9,2,16.26,497
244,5.24,11,4,354.4,759
84,7.25,14,3,274.43,329
320,8.16,6,8,392.53,602
288,7.95,12,2,163.29,118
61,5.35,17,5,256.54,686
251,4.04,13,2,214.8,966
413,7.15,11,13,405.74,686
93,7.95,17,13,390.64,163
184,9.9,14,8,233.14,788
454,3.33,13,9,232.17,792
495,9.49,17,3,133.89,933
92,7.38,16,11,432.3,496
423,6.19,11,14,161.37,193
67,8.67,11,3,222.68,537
264,2.82,8,6,284.57,318
177,9.51,8,3,72.05,130
375,6.37,11,10,232.93,485
282,4.28,16,12,393.75,734
236,8.16,15,8,239.9,280
487,5.6,11,8,494.67,758
59,9.15,17,4,327.38,61
215,4.71,9,6,89.82,234
486,5.48,16,3,83.21,989
229,4.75,10,11,16.28,186
306,9.63,9,8,129.91,576
142,3.63,11,14,456.98,194
331,2.56,14,5,386.69,309
373,2.97,14,12,72.28,703
473,6.23,6,7,91.73,261
408,8.75,14,11,265.71,417
389,5.84,6,10,139.93,677
463,9.78,14,11,65.56,530
149,9.11,15,2,446.58,907
292,4.82,7,5,123.18,447
460,8.94,12,14,414.69,134
239,4.26,16,9,192.94,443
82,5.14,6,11,97.47,85
236,6.67,15,9,215.27,294
388,9.69,12,14,360.2,535
282,6.94,7,12,19.63,666
269,7.57,13,4,366.31,940
97,3.34,11,8,117.5,916
84,6.7,17,11,266.41,854
453,8.63,15,9,290.66,989
108,7.47,14,13,114.3,584
485,3.83,6,11,274.2,277
492,7.7,9,12,205.14,842
452,4.01,13,8,428.11,444
250,4.62,6,7,224.2,181
284,8.12,11,12,289.39,260
398,2.73,15,6,101.52,353
494,7.41,7,12,337.03,181
410,6.2,15,10,93.68,88
466,3.14,15,3,112.96,182
105,3.01,11,7,12.62,235
222,7.27,9,2,404.43,833
236,7.24,8,8,451.94,249
488,4.52,10,7,345.37,195
79,3.91,13,8,47.01,469
389,8.07,8,4,339.98,784
332,7.82,7,4,459.21,426
200,8.35,10,2,457.73,92
235,6.29,8,11,103.71,514
497,9.72,8,11,157.03,254
282,4.31,7,11,141.46,749
428,7.33,8,11,431.07,623
428,7.89,7,7,275.73,924
364,9.64,8,9,257.85,69
261,6.16,14,13,170.23,415
296,7.15,15,10,200.82,357
336,6.42,9,2,71.88,833
298,6.03,6,12,46.3,965
144,7.57,12,14,283.36,376
155,3.04,11,8,316.87,349
351,3.01,8,14,287.27,639
85,4.35,11,14,268.03,694
52,8.74,16,11,466.46,428
177,9.91,8,4,172.15,752
98,3.3,11,4,383.44,228
301,5.44,7,3,49.23,711
109,4.77,16,3,195.56,563
293,3.57,6,8,387.51,306
199,9.19,12,7,467.65,386
310,3.19,16,2,213.07,907
352,2.61,11,10,404.14,526
319,7.39,11,12,294.58,609
185,8.9,9,8,52.04,991
423,8.88,9,8,275.01,67
398,4.12,17,2,79.96,410
222,5.86,15,10,300.32,641
464,5.59,11,5,242.48,460
435,7.43,9,12,52.83,345
422,3.69,7,4,233.23,186
148,4.12,11,3,72.28,972
299,2.58,15,3,475.86,832
87,4.83,16,14,276.96,530
451,6.65,17,2,398.4,245
91,8.61,15,2,251.26,274
423,6.12,11,2,351.54,331
307,8.08,13,12,340.4,518
313,6.39,15,8,468.41,577
465,9.75,10,14,412.11,384
478,5.27,9,8,175.89,57
275,2.78,12,10,385.94,508
462,5.46,9,11,167.12,373
96,4.74,15,13,35.94,452
125,7.66,7,13,50.86,826
434,9.68,9,12,29.25,551
382,3.35,12,3,328.8,92
118,3.29,13,14,483.63,197
117,3.91,12,4,482.7,726
410,4.7,11,6,429.72,117
317,9.36,17,6,161.59,654
135,4.21,14,8,51.26,125
208,9.5,13,6,120.05,516
124,3.13,6,11,375.24,958
149,5.8,13,12,86.88,869
484,8.36,6,13,486.31,893
160,6.73,13,14,235.45,466
54,5.2,16,5,325.66,986
57,6.02,17,11,173.52,858
69,7.46,16,3,354.61,610
452,4.21,14,10,483.76,246
139,4.62,15,6,372.39,753
302,3.24,7,11,484.78,88
269,8.72,14,4,273.41,540
393,3.71,9,3,490.18,651
490,4.57,15,14,391.47,998
225,4.2,12,11,403.32,590
85,2.51,15,5,213.87,890
329,9.5,17,14,437.47,113
428,8.48,13,9,124.26,170
274,6.5,9,13,434.9,898
287,8.52,8,3,194.37,672
458,4.96,10,4,451.8,425
473,3.42,12,7,352.66,761
127,4.09,11,14,453.74,704
165,5.47,13,10,127.03,458
376,9.97,10,5,74.01,182
280,9.02,16,4,450.81,306
242,5.72,9,3,228.88,156
310,2.8,17,3,80.5,283
230,6.11,16,2,414.32,490
466,6.49,10,3,133.48,941
135,6.94,11,6,45.15,536
190,8.27,10,10,271.68,743
93,9.21,6,9,147.92,590
98,9.73,13,10,197.75,700
58,5.53,10,10,241.23,212
221,8.93,11,3,156.09,292
458,6.55,7,4,393.55,998
185,2.59,11,6,370.66,302
203,8.83,14,14,245.27,242
452,8.25,6,11,65.29,402
122,8.19,12,14,272.84,150
265,3.09,7,7,264.96,855
74,7.39,17,7,317.7,982
286,5.05,15,2,279.84,599
227,4.37,8,2,240.64,142
467,8.11,13,10,461.89,498
74,6.34,16,7,455.12,329
